"Discount","LostRevenue"
0,0.0
5,6120.889999999999
10,11999.339999999997
15,18426.910000000003
20,23583.95000000001
25,25045.789999999994
30,34856.97
50,55258.53999999999
