"Category","LostRevenue"
Books,27222.359999999986
Home & Kitchen,26513.430000000008
Sports,25963.199999999997
Electronics,24857.910000000003
Clothing,24399.709999999992
Beauty,23417.939999999988
Toys,22917.839999999997
